,0
0,0.028413703899256904
1,-0.06175045321828124
2,-0.021283307016289898
3,-0.0415324697546777
4,-0.19542498383229723
5,0.0009902723148319055
6,0.06418662713880985
7,0.03244289626719189
8,-0.13386837243885452
9,-0.026699222000471205
10,-0.05871167759511383
11,-0.0631906618364921
12,-0.030321172020196917
13,-0.019449803795700958
14,0.07072949858573153
15,0.05202151953426245
16,-0.09928131840860259
17,-0.09418832289217054
18,-0.024862601784943025
19,0.054063057827705874
20,0.012766555517227052
21,0.04630029217768066
22,-0.021240164211375232
23,-0.06400801891977181
24,0.0374900412080037
25,0.053706723355728604
26,0.10000265137593009
27,-0.0726269733046435
28,-0.015711777957852127
29,0.0009371311874120895
30,0.05763630978416857
31,0.011352643724514954
32,0.04640264640308308
33,-0.14720673868415518
34,-0.01667909100643149
35,-0.03229557402093577
36,-0.0024621869336852787
37,-0.08943329022584584
38,-0.04414536846733262
39,0.03598702138882181
40,-0.1137919191065461
41,0.050628184128780514
42,-0.015540756291888487
43,-0.09986525874242726
44,-0.09476162313061895
45,0.024283232817429726
46,0.03294016889497183
47,0.0028531518397708414
48,-0.017070152280294855
49,-0.015844945621850716
50,-0.0744537588669987
51,0.04675864400245139
52,-0.08641626083984559
53,0.004489432398859004
54,-0.11044936110830464
55,-0.013973819541748323
56,0.025830160676091903
57,-0.00014151863477943999
58,0.13008392170401867
59,0.005838686568474127
60,-0.006651794797413881
61,0.0003150232208375424
62,-0.08305232657257797
63,0.0003370325052122343
64,-0.03916535678940225
65,0.028623503005156335
66,-0.035215141726200945
67,0.020042347674656066
68,-0.022248289389978627
69,-0.09701800796890905
70,-0.08312518786646601
71,-0.002398441721062156
72,0.0957650857860711
73,-0.016660221275824984
74,-0.049276870124759085
75,-0.02991812586589969
76,0.06824749863854972
77,-0.06353364211643796
78,0.08691487935072534
79,0.05869585662130083
80,-0.007886634792919603
81,-0.023972891353349977
82,-0.05047511027707731
83,-0.1027205833399986
84,0.04662842421143132
85,-0.03253026132922073
86,-0.018328333467483277
87,0.017574377191807492
88,0.026661689239385368
89,0.07614435422166213
90,-0.03198859980697746
91,-0.05009056461716573
92,-0.008806406906365092
93,0.014188181883771198
94,-0.08592586527439061
95,-0.045112300962872214
96,-0.14809757929921535
97,-0.012784405135685246
98,-0.013806751707163391
99,0.051125542790798
100,-0.03410269898269814
101,0.04431974079028276
102,0.02157482120162956
103,0.050555861009640955
104,0.09478670723635403
105,0.0003930849997840752
106,0.01896393958507653
107,0.030093083739870196
108,-0.16436983225713336
109,-0.06582120251566641
110,0.07238885038767327
111,-0.003891299991389614
112,-0.007329222534012669
113,0.11982357085395677
114,-0.10798923761185587
115,-0.010306031701655494
116,0.06242112622034449
117,-0.02882846212433106
118,-0.0625151883125582
119,0.009044416374494059
120,-0.010044003782146123
121,-0.03328510783827251
122,0.08682390820228322
123,0.005456536430420216
124,0.1143073969883638
125,0.0911594419794743
126,0.07371955233741144
127,-0.004094588443894991
128,0.029187934809692128
129,-0.07287071309090297
130,0.0919832055863214
131,0.03592973184772065
132,0.050700764567904184
133,-0.06417351050745969
134,-0.07072996042721039
135,0.11675106140686682
136,0.05059595895426241
137,0.01644500034123662
138,-0.007268125864582647
139,0.0030577042367249583
140,-0.02319853460399988
141,0.017408280899542234
142,-0.06506354957212837
143,-0.06060692242912643
144,0.02717772976467665
145,-0.02892011382209326
146,-0.019452769513780863
147,-0.04894520186132806
148,0.04340312376907047
149,-0.0850643265238058
150,-0.0005278771909631807
151,0.04714715927570087
152,0.036312688883305466
153,-0.013497549483961356
154,0.07498029117609048
155,0.062380216555740255
156,-0.00806400144704964
157,0.08584309767206853
158,-0.0057176096852849315
159,-0.07831434395689388
160,-0.027669389422246032
161,-0.014535990139448882
162,-0.004341796478725244
163,0.0963237850719686
164,0.038557053112903916
165,0.005529175912280295
166,0.04770142452985343
167,0.02507517395584154
168,-0.013037771246027056
169,-0.0021527908064765877
170,0.17967533300419053
171,-0.011921707274582832
172,0.08678192849749547
173,-0.030075968631794826
174,-0.09091104087043345
175,-0.05156357398269451
176,0.02134265606216057
177,-0.039356456287999164
178,-0.059084134274307074
179,-0.06560083486418936
180,0.0068283121667854
181,0.029793679576398217
182,-0.04819769277339212
183,0.030869195218388962
184,0.10745633730510136
185,-0.11080918512517007
186,-0.04744542326282726
187,0.09461058500345469
188,0.02255219085659985
189,0.02108795953786009
190,-0.1020420265692737
191,0.09176280592010863
192,-0.06652311477654457
193,-0.017887314120634275
194,-0.06216522950834125
195,0.03130638197592588
196,-0.039238978016244236
197,-0.17630668183273457
198,-0.059697421838411605
199,9.980363968145801e-05
200,-0.02532206486346168
201,-0.0688746625280732
202,-0.0390806052934166
203,0.026751171071890175
204,0.009338756913898294
205,-0.0035431251700765902
206,0.05195364974696906
207,0.0626645972977929
208,0.059484110789867865
209,0.02144754112241811
210,0.10743708527718591
211,-0.04681412533373907
212,0.03962254699498415
213,0.01181946806187701
214,0.027434146885759157
215,-0.09885858365157282
216,0.042596517345430185
217,-0.09104431635547638
218,-0.028058365372768145
219,-0.08998845829837149
220,-0.02652609777318273
221,0.038884531664594726
222,0.11148423078500033
223,0.07681412928615712
224,0.0016007256693954326
225,-0.07435687803424393
226,-0.05401733295250936
227,-0.04659097278292578
228,0.04544285382814953
229,0.018807300440383267
230,-0.08476323728093714
231,-0.08742119909166601
232,-7.538449248114263e-05
233,-0.07955948123887943
234,-0.08764140420318496
235,-0.018987992371728612
236,0.0351076123553619
237,-0.03005359360566113
238,0.07072814877201869
239,-0.13166789558140243
240,-0.034954344862433546
241,-0.033965972405067754
242,0.008893794930211843
243,0.016444152994803708
244,-0.0354744259380039
245,-0.010560944185495124
246,0.026641921304761312
247,-0.07873631341734012
248,-0.029900930888536004
249,0.07549656438464807
250,-0.015002458130130052
251,-0.027556180558820413
252,0.032941265685905226
253,-0.10896219025683003
254,0.06692846911373963
255,0.1400452878822924
256,0.06686120049321086
257,-0.07214332486676737
258,0.013144572398233566
259,-0.05816401073013826
260,-0.10115377798525962
261,-0.043061112245741454
262,0.019552055906693757
263,0.07926439300470506
264,-0.024400109849077076
265,0.04468055371090454
266,0.044691645273113735
267,-0.05306333290701497
268,0.047003586168172205
269,-0.002029629971028255
270,-0.05894711779295218
271,-0.05736366930677392
272,-0.07458944135346202
273,0.0982769840569062
274,-0.04980523465338601
275,0.02056766510830729
276,-0.10121567038570581
277,0.010513118632242451
278,-0.059755791577630425
279,-0.12013018593413183
280,0.04193980334655741
281,-0.055732880407450086
282,-0.002289242680626332
283,0.05236801308581749
284,0.016108751963292194
285,-0.08471975988386944
286,-0.025832392363381047
287,0.03351096984647993
288,-0.0690578503467218
289,-0.06832940483333952
290,0.017561406415089135
291,0.06093256455227085
292,-0.0037689122806970634
293,0.019261744525550878
294,0.014736024034175184
295,0.04945039723976352
296,-0.01546714695631128
297,-0.08513048387122069
298,0.06570323172543402
299,0.01906784901107797
300,0.059282204054795624
301,0.07302715041202265
302,-0.13793281940412677
303,0.016908614891419985
304,0.09674986473311446
305,-0.029996249671593624
306,0.07480456853338686
307,0.021715395878388357
308,0.07615285941631643
309,-0.023253394248653334
310,0.09014411085412131
311,0.022030378103141044
312,-0.05998073512205967
313,0.05439808754042634
314,0.05758217883225848
315,-0.04759211559902955
316,0.08927939606286928
317,0.06898077523676385
318,0.02415540822150557
319,0.12101179616381434
320,0.0490128181926728
321,0.04277918184240837
322,-0.0011023169436869256
323,-0.04281767847212375
324,0.020062025494933185
325,-0.006224959318246508
326,0.08724040882919712
327,-0.07880303579851468
328,-0.029341744159668125
329,0.08884216881307798
330,-0.032240001065692185
331,-0.050407348816822926
332,-0.05448985055160755
333,-0.027279218269884206
334,0.03457946042272101
335,-0.03480723678140448
336,0.03396374038643831
337,-0.022199218776086174
338,-0.07680431195271341
339,-0.04356196094411758
340,0.10416507722245238
341,0.01934746759530047
342,0.027559592502475517
343,0.07954597473982132
344,-0.030454102176533503
345,0.07507601336216599
346,0.014628629418179976
347,-0.09152897579714318
348,-0.010687341694477066
349,-0.009488774778712754
350,-0.09012109076722431
351,-0.028635291104348967
352,0.11940475375518012
353,-0.08188646030344403
354,-0.013373366333440688
355,-0.058399831667500804
356,0.07729296376689218
357,0.10438981702004368
358,0.018063816373463965
359,0.04179454597849913
360,-0.09307652789406046
361,-0.01446649251566933
362,0.011011602942347758
363,0.09547961259119446
364,0.05963748019824744
365,0.02560130805204785
366,0.005156913348256629
367,0.06388710234442134
368,0.024550116212568737
369,-0.052454014230256585
370,-0.0070610413777142675
371,0.0754012575889714
372,-0.060901485691584385
373,0.06380908542191333
374,-0.07741851037058597
375,-0.053528945091441925
376,-0.002746696360964144
377,-0.05456521698391277
378,0.023580534713915805
379,0.010197313772916416
380,0.16681239389043942
381,-0.06127662750869571
382,-0.015009613345591461
383,-0.02784120119193826
384,-0.02062815134461223
385,-0.05157371069486621
386,-0.1181206326233334
387,-0.03893001217049872
388,0.0644060284200932
389,0.03615375479519411
390,-0.01621144055491556
391,-0.11344938583048081
392,-0.0104254529695525
393,-0.015193940225925004
394,-0.04802146543978022
395,0.12954190193788148
396,-0.05813287083617366
397,0.10950064515633717
398,-0.03994055879832502
399,0.02222874636647697
400,0.017269757447014738
401,-0.017313428249267564
402,-0.03197318458784081
403,-0.04633702349605585
404,0.1038934175317168
405,0.0007436966260994626
406,-0.021664954816022
407,0.12904010579784264
408,-0.0020524241572067816
409,0.03337280859260124
410,-0.028117557836058477
411,-0.17940477139732122
412,0.0249871413593808
413,0.008841515466526185
414,-0.04230006573874603
415,-0.07125149274938818
416,-0.002502573707492923
417,-0.13607318323267503
418,0.1623030833090693
419,-0.006862227743729814
420,0.07075731556778843
421,0.10380930300933897
422,0.0107267249303546
423,0.20290282647504698
424,0.046459564585426265
425,-0.05100694177275646
426,0.10027379705745104
427,0.09562065097442292
428,-0.0419679089598792
429,-0.030477533184118735
430,0.001872478473772877
431,-0.04738410566745698
432,-0.012844045856607696
433,-0.10676161237043391
434,0.004656132365008741
435,-0.04040481617896783
436,0.025590342786266443
437,-0.04119966035731003
438,-0.09601242172877009
439,-0.09606951128629468
440,-0.031373684311890575
441,0.028818610688649483
442,0.029582829967394555
443,0.16595200006078023
444,-0.04189034545068808
445,-0.02170216129209689
446,-0.04621553150269908
447,0.038381053675757434
448,0.03554167520246
449,-0.09282142052814443
450,-0.005618377052101485
451,0.030487879573346074
452,-0.0507262791565315
453,-0.023872463519763115
454,0.0171908299117666
455,0.03416988426156084
456,0.10147662793854809
457,-0.07595040333598072
458,-0.06274546516730195
459,-0.0014299908380363846
460,-0.06573976505249268
461,-0.002666904896521635
462,0.056951330487268276
463,-0.010687728858606227
464,0.06853056579293641
465,0.07847336381175775
466,0.06382003829214757
467,-0.12435633247210946
468,-0.0002728684806510704
469,-0.02553319704318272
470,-0.06460955493076548
471,-0.1515797341244626
472,0.01593495127214512
473,0.048960185732144716
474,0.07839539571404076
475,0.023171732724428476
476,-0.03718519903374706
477,-0.03801064383614995
478,-0.10575086498410138
479,-0.06813274918965483
480,0.026556166773210824
481,-0.00852313553477008
482,0.014674333022727557
483,-0.03199666449012899
484,-0.09343570792843836
485,0.012320132336304504
486,-0.03438703653720935
487,0.0012883500436803531
488,-0.09794461440270967
489,-0.07360726198824612
490,-0.04057591443899224
491,0.07284503588870096
492,3.6751409816232376e-05
493,-0.09202534451861788
494,0.03905670575764106
495,-0.1283766562251966
496,-0.06817015194699418
497,-0.07708718946884496
498,-0.01841803378392231
499,-0.01651215811037092
500,-0.012443423746959932
501,-0.03244774944786142
502,-0.0961657753318343
503,-0.009975208187676839
504,0.13592821553303508
505,0.12193387813157575
506,0.02546686457322924
507,-0.04485729258665243
508,0.14178666425416778
509,0.09042183036582849
510,0.008074354570470796
511,0.04274038708685586
512,0.03429282101735376
513,0.03871918617504291
514,0.008659734981955774
515,0.028533286451503367
516,0.0524193281448463
517,0.07552850129242882
518,-0.020554520102837415
519,-0.022307284187208242
520,-0.10028998761052273
521,-0.10063385587546506
522,-0.09379052027288465
523,-0.01731594916012667
524,0.0002706843024322868
525,-0.03964300276913678
526,0.014705787429955187
527,0.015601426019817467
528,-0.08371000859412824
529,0.01335664438778512
530,-0.083161948761777
531,0.06626567922468933
532,-0.035281586952169125
533,0.01623658399475471
534,0.01316591632686422
535,0.03737142871111893
536,0.041099886777882795
537,-0.02044347733222795
538,0.02465307665481017
539,0.007247393781500073
540,-0.06195014874399954
541,-0.004608848950080743
542,-0.00408887030692321
543,-0.01026733903346033
544,0.09677758745357458
545,-0.032678878044639245
546,-0.01660808984344601
547,-0.045742222936417
548,2.839563670979675e-05
549,-0.07295316603816214
550,-0.05226976406048508
551,-0.043737150737149934
552,0.0028761028538273016
553,0.06640115059040215
554,-0.01801441555849652
555,0.042772692157349475
556,-0.005189358616727652
557,-0.024696895371712786
558,0.02283246024070373
559,0.061498490761470286
560,0.016845411874670566
561,0.0391127165449735
562,-0.05844529284272029
563,0.010690917055202575
564,0.04852740604460672
565,0.04488089627365233
566,0.011894315772114101
567,-0.009417684529500071
568,-0.00917505048743706
569,-0.03939253651996443
570,-0.010964787009329418
571,-0.06617475376884879
572,0.03902226309118563
573,-0.0368598585402899
574,-0.017799646764227645
575,-0.03170898500167709
576,-0.011427837598228071
577,0.027316044498224945
578,-0.05420556666092973
579,-0.08166160114676706
580,0.08292609764805624
581,-0.014177528747087052
582,0.010498586536099518
583,-0.09076834167154839
584,0.013774764394304098
585,-0.1521573441213128
586,-0.023013704705175234
587,0.027039501392280223
588,0.042760902843420455
589,-0.009834135226654942
590,-0.10512903960585622
591,-0.009961323397344644
592,0.024202865609558193
593,-0.07543721667310167
594,0.04710446995486628
595,0.031766171180001766
596,0.009416683505130514
597,-0.09007977020122837
598,-0.023835544055655807
599,0.04613264871452447
600,0.10887072538004146
601,-0.07273849094522007
602,-0.01731437488719284
603,0.0015523414568313675
604,0.1662824230377726
605,0.07065935369731396
606,0.00939079839025986
607,-0.10267178025246396
608,-0.022009483696561315
609,0.006073284392537189
610,-0.009769496527317774
611,0.11187503086805302
612,0.008918567250183413
613,-0.12372380577762401
614,0.021025757162582284
615,-0.06027724491432892
616,0.06722707941698178
617,-0.11622000736037257
618,-0.024496319297793872
619,-0.08668839840625205
620,0.03278658197398473
621,0.014941904733980396
622,-0.005745269152861889
623,0.008253782484769896
624,0.029564330053301086
625,0.03802214862680219
626,-0.005299423090716028
627,-0.013891175346174182
628,-0.009623218600923033
629,0.02403229444409362
630,0.02059820584234882
631,0.0237121411561921
632,0.023892254957985335
633,-0.14231230603656062
634,0.008173989340920191
635,0.008436835937966458
636,0.17621934751767507
637,0.01891900110891433
638,-0.09055443351785218
639,0.07336668570174495
640,-0.10911678673619316
641,-0.0037101715432939024
642,0.009366685585173623
643,-0.10528079968685461
644,0.1645700663574962
645,0.06109584688029715
646,-0.05897034377150998
647,0.05662414156286668
648,0.11911296751571397
649,-0.021978952250279786
650,-0.05051988983116127
651,-0.04672695394767489
652,-0.01696267842103305
653,-0.006363931348050978
654,-0.0726839388304702
655,0.0984302579168978
656,-0.023540801814667917
657,0.07845705752427015
658,-0.07045645416874999
659,0.023532841972989264
660,0.011161340915491544
661,-0.0722961065794677
662,-0.09830812534398106
663,-0.05817977957684374
664,-0.02123565596725966
665,-0.0622501954145664
666,-0.12177132597257741
667,0.01833813540205076
668,0.10983591856879751
669,-0.02142442480311355
670,0.07945636690617978
671,-0.0661964309465051
672,-0.0411866386718781
673,0.03135904036190866
674,-0.04443955459872089
675,-0.0010500435647640236
676,0.025795322682017303
677,0.07036148850744052
678,-0.018686954755434006
679,-0.09315731526885855
680,-0.14438807688490474
681,-0.032596021823362166
682,0.025379499772364658
683,0.031739750692530634
684,-0.053391950432989776
685,-0.15280712221162718
686,-0.1053849784706469
687,-0.04878223612832656
688,-0.1317228790055399
689,-0.04541576110573155
690,-0.05901919693797451
691,-0.06547003874901242
692,0.09145914761228119
693,0.061403581400770575
694,-0.10360924176316628
695,-0.12346410408737633
696,-0.011696695746060502
697,-0.05706449266751303
698,-0.004632602249534411
699,-0.08256534575477908
700,-0.01093134202508403
701,-0.16791164011723456
702,0.08506374924323178
703,-0.07093965081663697
704,0.001768152084970716
705,0.05753738456972699
706,-0.07558335740556266
707,-0.02618521956798816
708,-0.08900150350172562
709,-0.05421575254368832
710,0.09351015146155689
711,-0.06500861128717482
712,-0.013427020761111684
713,0.11664695115325409
714,0.010892564681344447
715,0.015423900112372501
716,-0.02443152025469168
717,-0.10489086067005048
718,-0.03121133831313159
719,0.09380224062777259
720,-0.08004696407172844
721,0.03290509444978164
722,-0.10459692430267223
723,0.05162838729392841
724,0.03409902823997567
725,-0.0015589859521789884
726,0.06092215259552978
727,-0.0644453443708143
728,0.00852472515078699
729,-0.018280756347017164
730,0.027607469358791263
731,0.061921315658587085
732,-0.10707693320508324
733,0.04239199320326179
734,0.003995306591790705
735,-0.013289027447353335
736,-0.10871965859083484
737,0.14097952005837383
738,-0.004944308256067005
739,-0.003595019471761554
740,-0.07245620361111385
741,-0.028314778565935894
742,-0.01083381817647649
743,-0.04278212066009025
744,-0.09692429354799648
745,0.07099351422924657
746,0.01021933245563366
747,0.0052854211254392235
748,0.13976021076726103
749,-0.019039171791567232
750,-0.06857394915253187
751,0.11483814182187914
752,0.08080348235828032
753,-0.01216945022511764
754,-0.04160528054335548
755,0.06818611681549087
756,-0.020873378059908392
757,0.024356424227108108
758,0.012893665426545903
759,0.00933259505224423
760,0.1172306134684903
761,0.07435170510002409
762,-0.017698959713012163
763,-0.04194411162641953
764,-0.07199077356933824
765,0.07842180184823029
766,0.014095105571484372
767,-0.018566190395558613
768,-0.001751906631291892
769,0.0007507878384456167
770,0.04398915693675458
771,0.010134605604045359
772,0.01101939075317384
773,-0.024956426644099004
774,0.05653125723393545
775,0.0031732366246065118
776,-0.020901816275672884
777,0.16363811600360373
778,-0.030550661518375127
779,0.06022234562895083
780,0.09359838680991826
781,-0.0003962551501024701
782,0.11783365006412634
783,0.03504624792038073
784,0.033589470400054784
785,-0.03171978722478522
786,0.105745474426123
787,-0.10093014871884956
788,0.04792205253715357
789,-0.033673387662591876
790,-0.11268506209208418
791,-0.05751381522245963
792,0.0022099295039841645
793,0.04381010656850693
794,0.07037368604778424
795,0.15567111629379543
796,-0.028571422892280273
797,0.02089014047614778
798,0.0011249147514811719
799,-0.051109937406768356
800,0.006983760973101796
801,0.05168522490709861
802,-0.006011511981613356
803,0.00541091037705496
804,0.03538568619632884
805,-0.003199131587521448
806,-0.08301312617719805
807,-0.06579379155790044
808,0.017285715857778248
809,-0.03060026866730671
810,-0.02489648501602918
811,0.029623199001537995
812,-0.018549468542819757
813,0.08035440997793902
814,-0.04724738672034146
815,-0.054298852748451816
816,-0.015171326505889923
817,-0.06896617867616503
818,-0.07576160436846731
819,0.12394135395407643
820,0.08351265521681406
821,-0.05976198161485778
822,0.08743503210583868
823,0.04250173957104639
824,0.07629048848642028
825,0.009155801411665658
826,0.04491676281159054
827,-0.10161450723310765
828,0.14083165299836783
829,-0.036953477476599085
830,-0.06769768761864906
831,0.08959364725478892
832,-0.08742305367046474
833,-0.012389408679170313
834,-0.04693682862517213
835,0.016292918908483316
836,-0.039222538684335555
837,0.034840983064998415
838,-0.05795346919016467
839,-0.02827471257124816
840,0.0647341641769742
841,-0.06159631513069879
842,0.02011807897823867
843,-0.05929290243120042
844,-0.008156382314280472
845,0.016910014622997575
846,-0.17629031054816294
847,0.10554372427520127
848,-0.009234080006766603
849,0.07706863258926998
850,0.009706761726590279
851,-0.0031436696064104613
852,-0.05192666900901708
853,-0.07466919069457849
854,-0.05819844187883912
855,0.04760221379809161
856,-0.06120055729746857
857,0.081362610088359
858,0.01023253318870658
859,0.11905309217290713
860,-0.05710977339645597
861,-0.06934656586084241
862,0.04281481140776616
863,-0.02812339253564121
864,-0.022866708422479797
865,0.03893150969118945
866,-0.023450510561046956
867,0.04388079164671578
868,0.030075425138590964
869,0.05315996161970711
870,-0.06071386234685494
871,0.05542946382588768
872,0.012707095671156717
873,0.10315556921400908
874,0.08000764622475899
875,0.031199519879719136
876,-0.05082356032570277
877,-0.05256370957891729
878,-0.04778589403089522
879,-0.04685112796731005
880,0.02464414399789733
881,0.11853062475437615
882,0.07245039899562425
883,-0.03583460539754905
884,-0.025820275564246646
885,-0.06095230143904874
886,-0.04716411302410361
887,0.005212213721717366
888,-0.07481916772560228
889,0.08168549157084956
890,0.08469663767138202
891,-0.08675683401202185
892,-0.015335158076058062
893,-0.13305606468870365
894,0.15024087570509798
895,0.005627998748255507
896,0.009793817384892463
897,-0.04431486397766046
898,-0.02899165259796805
899,0.02462545349053479
900,-0.012562785387332796
901,0.08018066817661164
902,0.0363313794932864
903,-0.05304905281000839
904,0.037799800763614576
905,-0.0313345933683633
906,-0.010500827150412834
907,0.1112207236610078
908,-0.041782517143391436
909,-0.07324222124524901
910,-0.018570040542073986
911,0.01854714996133775
912,-0.03133657636129529
913,0.0381642765045519
914,-0.050986684237611206
915,-0.09725259878896839
916,-0.023514312021363167
917,-0.03931604164446181
918,0.017588519642568076
919,0.053084759925894086
920,-0.009111550471083108
921,-0.02232310823214051
922,-0.06903924661427689
923,0.08727412390827695
924,0.17386511998890475
925,0.025055031529622566
926,-0.055790732806680746
927,0.0329049940011142
928,-0.007918112843779879
929,0.016394872589291534
930,0.052840628719013544
931,0.06767767951990676
932,-0.03994158259771814
933,-0.010027583217383855
934,-0.07182754755309032
935,0.1428236900208629
936,-0.12632948444819553
937,0.009515810026367954
938,-0.016379531809326133
939,-0.004092186702932515
940,-0.032363519438624574
941,0.029139751432483606
942,0.006928311344038575
943,-0.04058741859290378
944,-0.10257500844643268
945,0.08796055597805334
946,-0.033396541570264525
947,0.053037431803968776
948,-0.04411828005467614
949,0.08846509107366207
950,0.03189014515864419
951,0.040597164689855796
952,-0.01661738151504273
953,-0.032118362590114705
954,0.03831349574288538
955,-0.07387730089092998
956,0.07231353056542814
957,0.01330181505269511
958,0.0631057995434413
959,-0.04568047937692598
960,-0.02156286351756609
961,0.05251922477220585
962,0.05995411017570337
963,0.05974401955669762
964,-0.1241897308892704
965,-0.09211177915773311
966,0.002427396654909397
967,-0.0316706328673658
968,-0.011711572168877108
969,-0.08369762766587456
970,0.024743377135288597
971,-0.050051111254145284
972,-0.16391793379763298
973,0.06971642337347851
974,0.01416550266129556
975,-0.007280125654253302
976,0.06609677280719793
977,-0.00702094473025189
978,-0.07740063382361545
979,-0.195112470508129
980,0.04907298042777413
981,0.048799075819285366
982,-0.08259329055673202
983,0.044094946189658174
984,0.003709608801355785
985,-0.023234812793404336
986,-0.010767163991930359
987,-0.07441990243856254
988,-0.015141561120938816
989,-0.06041503935336079
990,-0.022013217226194346
991,-0.013812391879129964
992,-0.09874883490753848
993,-0.05157520859043823
994,0.0355566397961694
995,-0.020913505719694143
996,-0.0709759367709497
997,0.04902500316531851
998,0.024295413686718812
999,-0.10812522885537623
1000,0.02437980961851817
1001,-0.09904895689426917
1002,0.060043175560654444
1003,0.028761182062809577
1004,0.0025342350939986037
1005,-0.028982674245545834
1006,0.05319514640877905
1007,0.025381738122878233
1008,0.07349183947027962
1009,-0.008476196037572636
1010,0.07412453073765991
1011,0.08677589555564562
1012,-0.02351768925244244
1013,0.11353392800558057
1014,-0.13870397156986344
1015,0.08224452290549614
1016,0.011920129674825319
1017,0.08563367146714286
1018,0.029605251517706425
1019,0.011683822241640609
1020,0.01701675788502189
1021,-0.12906345478020917
1022,0.14343304657894998
1023,-0.07098818169035694
1024,-0.011272658899801257
1025,-0.00028839362752300113
1026,0.03773097208023336
1027,0.11043312785238717
1028,-0.05887547590439111
1029,-0.0008566610260169643
1030,0.04475459799817797
1031,-0.05136176609269434
1032,0.034711595727786565
1033,-0.06976191567988747
1034,0.08633253590452729
1035,0.05872408578183259
1036,0.12103109811665357
1037,-0.0005552168162697126
1038,-0.03426962423071611
1039,0.011860293862723746
1040,-0.024852611759586373
1041,-0.004868584317812151
1042,0.02917178912129735
1043,-0.023668614410178923
1044,-0.07619563220095456
1045,0.11337542188594321
1046,0.06255084454086206
1047,0.037732197465396904
1048,0.08027795347444402
1049,-0.12991563617978474
1050,-0.09686454881419483
1051,0.01464103767662238
1052,-0.14582681311290338
1053,-0.11833311840075623
1054,0.005298231905455832
1055,0.07569494339150973
1056,0.08515803976760732
1057,-0.01920020798514593
1058,-0.10915715767194661
1059,-0.09813343584931664
1060,-0.006213076240721936
1061,0.07084243373906332
1062,-0.10455264300067928
1063,0.02195400754266404
1064,-0.016069117500141016
1065,-0.048205558678659
1066,0.059461041747268475
1067,-0.09592674998396475
1068,-0.038068583923133066
1069,-0.0031696363879626602
1070,0.05035270268205945
1071,0.006901885860670563
1072,0.11572546708140571
1073,-0.20007884107314985
1074,0.08649494713454717
1075,-0.03861173160416329
1076,0.014123878776585311
1077,0.040651014002688744
1078,-0.023017332453826953
1079,-0.011237329722072231
1080,-0.10060520728250254
1081,-0.02427596306940017
1082,-0.07445587212494253
1083,-0.047180058586083345
1084,-0.01918894508575656
1085,0.07662543402430916
1086,-0.0018059551693278663
1087,-0.05075185125478032
1088,-0.04383739214457486
1089,0.021222518383106556
1090,-0.11303434539805138
1091,0.03332721907700128
1092,0.005018377955300441
1093,-0.12991496812870415
1094,-0.09186430389961978
1095,-0.0148238874939633
1096,0.01801281064248808
1097,0.023230720539871238
1098,0.0068687727510645365
1099,-0.10683818198280748
1100,-0.021602873076168535
1101,0.0025867793662335842
1102,-0.07883473657216385
1103,-0.011715033840378952
1104,-0.02007734608663167
1105,0.051851862012433185
1106,-0.03891900632943172
1107,0.028257728887727356
1108,-0.05552809043877744
1109,0.138467393263836
1110,-0.10973451142685176
1111,0.016453726082081174
1112,-0.030309279820088332
1113,-0.03042247280213574
1114,-0.013260372186547067
1115,-0.0835699077678009
1116,0.06592639713411079
1117,-0.01730978713979281
1118,-0.04291600801743894
1119,0.05347243292629241
1120,0.05168579674020883
1121,-0.011497955392440064
1122,-0.0595484511601749
1123,0.03674814376927245
1124,0.10958868184874528
1125,-0.04685903963420398
1126,-0.012406580864938385
1127,0.024933600972353667
1128,0.021695505659816587
1129,0.023072393386758473
1130,-0.09330364271590591
1131,0.004615864218602095
1132,-0.021754802957065902
1133,-0.022722640370225256
1134,-0.0556401539089629
1135,-0.08211016336544857
1136,-0.03028768223910395
1137,0.12807379943613506
1138,2.812442212649375e-05
1139,-0.09887451525936641
1140,0.015129355272321947
1141,0.018715708214116396
1142,0.06883948448461484
1143,-0.06895049888506369
1144,-0.03197392271057752
1145,-0.005153501860440496
1146,0.07137455829871697
1147,-0.0921701017168756
1148,0.11631196350210003
1149,0.1288157334601176
1150,0.02489276263500343
1151,-0.04307774246776426
1152,0.016671908404868718
1153,0.008006164956346097
1154,-0.014050336983385767
1155,-0.028407081734686326
1156,-0.00820909597981512
1157,-0.04404378848432029
1158,-0.024972561952106353
1159,-0.0923376849452136
1160,0.04283311556513994
1161,0.017213514972204365
1162,0.060520884766524646
1163,-0.02834979377686142
1164,0.15342475236686728
1165,0.04651860092970608
1166,-0.08535807963291062
1167,0.039928262822889846
1168,0.08682010366943675
1169,0.0026718778243667845
1170,-0.010935951497285669
1171,0.0763019580960814
1172,-0.01550843564981621
1173,-0.09070987930971737
1174,0.020617730873713155
1175,0.008054559774636415
1176,-0.04246496825799583
1177,-0.09311760181785612
1178,0.0728544048561401
1179,-0.046947995710811714
1180,-0.020581897586224127
1181,0.06709795617436624
1182,0.08834176766670013
1183,-0.07194814167406416
1184,-0.0008528829403188635
1185,0.043117283818306845
1186,0.03676153670608525
1187,-0.08544357697109282
1188,0.01895075669127837
1189,0.016643252307613512
1190,0.023727414395903187
1191,-0.01653757079794127
1192,-0.03510472377877502
1193,-0.07125867507850968
1194,-0.054185615448269865
1195,-0.00762237208510103
1196,0.09970094835398426
1197,0.11839490584722458
1198,0.11044975041955762
1199,-0.10787997288414578
1200,-0.018395031035255253
1201,0.04350239280330848
1202,0.030746163136747575
1203,-0.016524811174815992
1204,-0.0536634703506875
1205,0.03260162690186359
1206,-0.06958014350031355
1207,0.03760833333822292
1208,-0.03471138724391228
1209,-0.01648763553597712
1210,0.06266706241937464
1211,-0.03377149236126775
1212,-0.0384107021661042
1213,-0.014845599447458092
1214,0.13073564313456784
1215,-0.1788446790209506
1216,0.04836392974655396
1217,0.06547464216105965
1218,0.00829591934712969
1219,-0.07084436147434438
1220,-0.07475652407045347
1221,0.17974676714901364
1222,-0.003263137450392493
1223,0.022833937845233087
1224,0.06344872253850088
1225,0.021329058348027317
1226,-0.10038328288039104
1227,-0.09031561491702218
1228,-0.02590921997046611
1229,-0.033391337695469786
1230,-0.006262367660936167
1231,-0.047613470470507194
1232,0.03054662149857252
1233,-0.036056533184195154
1234,0.0008718201503319189
1235,-0.04760669876878653
1236,-0.10093735321141212
1237,0.04666405974139504
1238,-0.04794949854065255
1239,0.028844393163245323
1240,-0.17763634971538875
1241,0.06540297141309759
1242,-0.06009287946946256
1243,0.016191310810915283
1244,0.03373994470430309
1245,-0.04386257002078026
1246,-0.07012252571529033
1247,0.022530569915638156
1248,0.08759158180327137
1249,-0.043597864029195514
1250,-0.04422831660426457
1251,0.066301958125335
1252,0.0527862709277936
1253,0.015442354214915596
1254,-0.013875190127872226
1255,0.007859034073352754
1256,-0.019212620203534304
1257,-0.02339994565218582
1258,-0.10132228002672383
1259,0.07033315675810295
1260,0.01611959068968239
1261,-0.047521424635149696
1262,-0.016006366032893658
1263,-0.014714202129841897
1264,-0.028103009761230768
1265,-0.014945191361453555
1266,0.003515826955335131
1267,0.042934949967554335
1268,0.022016257691302332
1269,-0.05428787394629203
1270,-0.014713956494349093
1271,0.0630163123304655
1272,0.009839465565561343
1273,-0.09927325623785596
1274,0.16387205374548744
1275,0.03798198314386173
1276,0.007104189554957538
1277,0.09145069802862912
1278,0.08161569882876724
1279,-0.013591421111507856
1280,-0.04054332652913559
1281,0.05233947641961879
1282,-0.05376640972242766
1283,-0.039678753623263265
1284,-0.03127470653384217
1285,0.04820961478090241
1286,0.02517102535937614
1287,0.024954312150904
1288,-0.06299915336634451
1289,0.008106960049721147
1290,-0.04286736695566652
1291,-0.07350946040115029
1292,0.14301680177690343
1293,-0.14541788244590192
1294,-0.012026724784592265
1295,0.042218184270449786
1296,-0.10358498547040997
1297,0.06504298763221945
1298,-0.021922931074504003
1299,-0.15453120198593362
1300,0.02128970638179391
1301,-0.014731973449280225
1302,0.11760831501721454
1303,0.07338631478495418
1304,-0.048501141809476435
1305,0.08353537649334679
1306,0.034693991173905786
1307,0.0014867642374601592
1308,0.020129020741075778
1309,0.013289435156510807
1310,0.012102446996610542
1311,-0.008568307950171949
1312,-0.0258630149722323
1313,-0.09787305058743986
1314,-0.04104439936827972
1315,-0.04980906589545005
1316,-0.05582670323957253
1317,0.11274763920548887
1318,-0.03132072378722284
1319,0.09451644182655673
1320,0.003537870313947032
1321,-0.0031571975343122776
1322,0.019775500920510357
1323,-0.0136332826152935
1324,-0.03829107351627436
1325,-0.062074858178010645
1326,0.10227100117975467
1327,0.03654274521067505
1328,0.07615095230589912
1329,0.06781804003566595
1330,-0.07171581836401622
1331,-0.10745836808638651
1332,0.01674232063939463
1333,0.12766910917759033
1334,0.11473532908761083
1335,-0.16064587322620083
1336,-0.002408077747867694
1337,-0.009163099202437682
1338,-0.01686833289242762
1339,0.0570302532224542
1340,0.018949980808618833
1341,-0.021388700309691172
1342,-0.031398642164129735
1343,0.030073191015426333
1344,-0.0628261601445822
1345,0.03341817418732026
1346,0.08880112545241485
1347,0.019083898419101457
1348,-0.16202006821978004
1349,0.011165134995759135
1350,0.025277309236248068
1351,-0.14495274051338625
1352,-0.017329821725908367
1353,0.05422165894188646
1354,0.040457570237642605
1355,0.06285941905865498
1356,-0.0627927959954506
1357,0.044985177111019126
1358,0.006624868099179045
1359,-0.002508101532582079
1360,-0.05109938582670041
1361,0.09055021346798256
1362,0.08748595425168985
1363,0.11475667873714597
1364,-0.004972327416214924
1365,0.05327409051033632
1366,-0.0013692885837175135
1367,-0.027056302863435994
1368,-0.051343995371554624
1369,-0.007531643562061987
1370,-0.008638603866736694
1371,-0.018505464923613883
1372,0.05164143092349647
1373,-0.006152351949734309
1374,0.037378198545680474
1375,-0.08386208604112338
1376,0.003058271383679739
1377,-0.037398336146480866
1378,-0.11392479650466625
1379,0.11681191223621241
1380,0.0019315665596099751
1381,-0.07530277892978075
1382,0.022690984189534812
1383,0.044986632446631536
1384,0.011749245539127658
1385,0.06935127997316311
1386,0.02502035195598464
1387,-0.001082609783015623
1388,-0.0810761317910198
1389,-0.004572007056306305
1390,-0.04535461089641745
1391,0.061872655357364796
1392,-0.05669444893867227
1393,0.011692477789096335
1394,-0.012517190554640288
1395,-0.05271994074064021
1396,-0.0771816641900033
1397,-0.01778607565577626
1398,-0.02767927607827357
1399,-0.13089464860967573
1400,0.03904152029811724
1401,0.020661999962240045
1402,-0.07335632073489698
1403,-0.024261389867704448
1404,0.013467940008615523
1405,0.008391125804892888
1406,0.019393134090260312
1407,0.008859126021658547
1408,0.04156053738732088
1409,-0.030540996292602485
1410,-0.008994213885539995
1411,0.035414224550061324
1412,0.010888871989971873
1413,-0.05360968409059345
1414,-0.014989127042485778
1415,0.03984517231282419
1416,0.06039132901534695
1417,0.07201061570923355
1418,0.09120607468250033
1419,-0.06186965559047186
1420,-0.03857234129319544
1421,0.007078431983735975
1422,0.06703025272219812
1423,-0.01610805494682685
1424,-0.09120624948991012
1425,0.020863003065897286
1426,-0.019849213828161624
1427,-0.02844310859083554
1428,0.08303023907123698
1429,0.05250399024511852
1430,-0.010126375016042887
1431,0.060196620391523174
1432,-0.010389420977667813
1433,-0.07374619976359365
1434,0.04081240482735262
1435,0.03115309697766594
1436,0.06410325395969142
1437,-0.014169896224034471
1438,-0.02657869011463649
1439,0.09672716806206035
1440,-0.008400222802446343
1441,0.029848337185304254
1442,-0.10612188461082812
1443,0.047565434869996495
1444,-0.03193014067170982
1445,0.03259901700446833
1446,0.0275950287151685
1447,0.01720975992565892
1448,0.0023318236516459458
1449,0.08596338525387312
1450,-0.09403972812723357
1451,-0.06965622065783104
1452,0.013905615779307
1453,0.030697279919409758
1454,-0.0812318691854771
1455,-0.046668688965421735
1456,0.048862716658040595
1457,-0.04764611969768621
1458,-0.044728002646768496
1459,0.12901813085760272
1460,-0.0011985072653346233
1461,-0.006587856028957805
1462,-0.027878745133116146
1463,0.13545062005662223
1464,-0.04062747668404645
1465,0.1267563043747508
1466,-0.16230166447111344
1467,-0.009890644450664692
1468,-0.012146270172837233
1469,0.07198186446580405
1470,0.021046149947052284
1471,-0.03837532761315257
1472,0.02383502200871718
1473,0.013403423055439794
1474,-0.03094567811440224
1475,-0.0810279785069465
1476,-0.09414747994802358
1477,0.04868921668087617
1478,-0.005920656996248538
1479,0.07185016511921133
1480,0.05363173006483549
1481,-0.05050652549106728
1482,0.05582012384217361
1483,-0.011218337034558377
1484,-0.05209132700163957
1485,-0.07851740277710735
1486,0.015862506147151727
1487,0.10822200853643674
1488,0.05135841892845776
1489,-0.02018767326718059
1490,0.03988134883302916
1491,0.11318612362314592
1492,0.057738844840425886
1493,0.020662861276745124
1494,0.049686681492957595
1495,0.03458868708113421
1496,0.039133162658627464
1497,0.00011344478123362414
1498,-0.04682280056266818
1499,-0.06760737937141259
1500,0.10840392447434558
1501,-0.0238941182487801
1502,-0.08558362689741225
1503,-0.003711899992670714
1504,-0.10286068266336298
1505,0.12597857013807662
1506,0.05737797209154428
1507,0.008932619743511267
1508,0.1274638564059169
1509,-0.010689747059000842
1510,-0.00656589414906085
1511,0.047524589409654226
1512,0.017450378326455247
1513,-0.006964114776954348
1514,0.022053170238751054
1515,0.04929847110902687
1516,0.038947748108228375
1517,-0.011417631984370633
1518,0.0610561203493849
1519,0.05202335244502329
1520,0.056424547117651734
1521,0.07336432654713246
1522,-0.021588560150846717
1523,-0.038939154461615666
1524,0.039637493486253325
1525,-0.03850222096577031
1526,-0.05663249456861345
1527,-0.0564954486307506
1528,-0.11186149911945266
1529,0.0028509957024833586
1530,-0.07427415185865818
1531,-0.008006051354153595
1532,0.03572760666479213
1533,-0.025778683059638954
1534,-0.05212069897764696
1535,-0.05785865196438862
1536,0.00629554756407551
1537,-0.01822260493853522
1538,-0.06131562325428722
1539,-0.09980784066422513
1540,-0.0033552513288707636
1541,0.08854070620787732
1542,-0.036230412425217094
1543,0.011384944919731767
1544,0.03470910933678296
1545,0.004676345265215459
1546,-0.047806275341354995
1547,-0.01713958452011099
1548,-0.04735458313206155
1549,-0.010034463817508879
1550,0.035963470441352056
1551,-0.06097080215408804
1552,-0.037174711979224416
1553,-0.07964028073019307
1554,-0.005110046987716749
1555,-0.08421207041681915
1556,0.12185770790564524
1557,0.04101112604162964
1558,0.03808261330217302
1559,0.045758931878024635
1560,-0.1168235740005082
1561,0.052703735644058024
1562,0.09630488133364408
1563,0.08145104774695747
1564,-0.003119172408048561
1565,0.041129269834201745
1566,-0.03294385879601905
1567,0.024269332317663865
1568,0.014729033531123861
1569,-0.09249209759362756
1570,0.01250859759448845
1571,-0.051759877625902784
1572,-0.014737386692119683
1573,0.012556768241412997
1574,0.027935430223269345
1575,0.0011540009172632312
1576,0.05137229808610312
1577,0.014747704162928818
1578,0.06692713276715476
1579,0.046688383689623754
1580,-0.012224153249915867
1581,0.0654825369830784
1582,0.05483658790894277
1583,0.11894443962451116
1584,0.01556635931231048
1585,0.043998611646869724
1586,-0.034581541431235575
1587,0.05426836380694125
1588,-0.05631296613850456
1589,-0.12529823106859778
1590,-0.11091161873724335
1591,0.08150209715751182
1592,-0.016604815822577928
1593,-0.10396967830398654
1594,-0.00368081305519945
1595,-0.05100508805502235
1596,-0.043006466069304194
1597,-0.09581520780678766
1598,0.0625191117249441
1599,0.049313317591572654
1600,-0.07939991511100081
1601,-0.07385367632762638
1602,0.04139776776859193
1603,0.016394122652009024
1604,-0.02707550985833591
1605,0.009332171328233926
1606,0.06935591807661994
1607,-0.020254100023104953
1608,0.0049720286354534475
1609,0.07458287086968002
1610,0.032565397961869816
1611,-0.12082088880049906
1612,-0.15374204004583805
1613,-0.06386363293948981
1614,0.0029406452626733193
1615,-0.0208795391489399
1616,0.017078514689463274
1617,-0.0203078349898466
1618,-0.11286392929474316
1619,0.04986257330314681
1620,0.017144123825466186
1621,-0.07908967973054214
1622,-0.10452029189905947
1623,0.00033177668517484675
1624,-0.08499456272274244
1625,-0.02105315843924978
1626,0.029310131337975453
1627,0.07900898270227932
1628,-0.06229129337593041
1629,0.06374636755433324
1630,-0.01655919403753668
1631,0.012825532809518519
1632,0.0036279342471914897
1633,-0.035139780213345025
1634,-0.07565114759737383
1635,-0.04405846119540567
1636,0.0017571923146999474
1637,0.055064969717694506
1638,0.0147182421865349
1639,0.04603091001034207
1640,0.07368999054299707
1641,-0.08365438624439173
1642,0.022441920174649504
1643,-0.045540462955030024
1644,0.072195536738355
1645,0.013102924629223781
1646,-0.10623538780214027
1647,0.03056511571691663
1648,-0.0539805243008103
1649,0.02157295976167543
1650,0.03398826528882447
1651,-0.056763165096983446
1652,-0.12662529067142378
1653,0.07307198446625138
1654,-0.027380067255549496
1655,-0.08196644637885674
1656,0.045976302494551015
1657,0.077951438372889
1658,-0.0020077465110462586
1659,-0.035451927017628004
1660,0.018314631271013255
1661,-0.08780975314129975
1662,0.003749720103706455
1663,-0.019903697105395465
1664,-0.03796391765514848
1665,0.06183658357515011
1666,0.04364743084531805
1667,0.021417593351087765
1668,-0.004823241328867025
1669,0.022463641818858387
1670,-0.0023314551953602146
1671,-0.022378045890998975
1672,0.0694402626675584
1673,0.018588865696721003
1674,0.06420569216119267
1675,0.04446406441996886
1676,-0.03351861931170152
1677,0.0217570053500605
1678,-0.0981878968091719
1679,0.04147061648500094
1680,0.08366854724680829
1681,0.06371687692113384
1682,0.007024183022506958
1683,-0.04029125453969261
1684,-0.023315484747778274
1685,-0.023512295433547197
1686,-0.16261247094156492
1687,0.13366818865803037
1688,0.12449498311397889
1689,0.0039021793683911305
1690,-0.07123500156708934
1691,-0.019955086544026546
1692,0.07704681094597615
1693,0.07431969499494658
1694,0.06472069203133626
1695,-0.1351611082124263
1696,-0.005774063509208512
1697,0.08460368435206853
1698,0.07905340946542826
1699,0.029044176530494795
1700,0.008404966134739155
1701,-0.004090582149401385
1702,0.0004824895610166152
1703,0.1145279373076709
1704,-0.040367247570824764
1705,-0.11041653312769921
1706,-0.05767986559090829
1707,0.005208535783811789
1708,0.026188397297808943
1709,0.09206261313922838
1710,0.0018063612359032581
1711,0.028327812397659014
1712,0.06108352923373948
1713,-0.07624447696704613
1714,0.02355904369543382
1715,-0.13870072675242917
1716,0.041822531692298354
1717,-0.04139716307928316
1718,0.0014106710800050012
1719,0.054198623938489336
1720,0.13818542391037392
1721,0.07808305474803043
1722,0.08049329338685453
1723,0.035225887546740914
1724,-0.055370374513168334
1725,0.04973706657761585
1726,-0.007574814629037856
1727,-0.032824849151393026
1728,0.07957548762250884
1729,-0.008365886841745575
1730,0.014447259580180349
1731,-0.05452883354254632
1732,-0.013878405846663795
1733,0.08013200789105905
1734,0.10940828687160617
1735,-0.019186807039931943
1736,0.08296694170570491
1737,0.009893769037753375
1738,-0.054116935130984395
1739,0.04370845705050773
1740,0.041026804609220174
1741,0.03422062420433628
1742,-0.022149392919809965
1743,-0.013764421916769376
1744,0.06989624653326501
1745,-0.026100585335873453
1746,-0.09541076983049923
1747,-0.03781139735731279
1748,0.11302892088281792
1749,0.096700021660781
1750,0.01143596319266945
1751,-0.02733659062254655
1752,-0.06960371437397478
1753,0.008510817614868304
1754,-0.018219643432068538
1755,0.07029111327143088
1756,-0.020267748251165216
1757,0.1123489098328849
1758,-0.07017378329122748
1759,0.09299243350520504
1760,-0.06521525476764534
1761,-0.0019695534966727977
1762,-0.08633866830979277
1763,-0.07763917890820592
1764,0.005171968750897065
1765,-0.031146494929928194
1766,0.011656417766247006
1767,-0.11674038502355412
1768,-0.036630315642561556
1769,-0.004796696515088645
1770,-0.09513746470867467
1771,-0.11496937020480935
1772,0.04063475625178789
1773,0.08506648572405653
1774,-0.10897018235622147
1775,0.040763103908576584
1776,0.11363388606885333
1777,0.05415497641839999
1778,0.011927022786897957
1779,-0.04253588834098932
1780,0.0045511593983596395
1781,-0.06234425136038221
1782,-0.056595534302311526
1783,-0.07481830257452009
1784,-0.029932451389928103
1785,-0.001968811318570754
1786,-0.12099942212075271
1787,-0.09683749927865586
1788,-0.10687140164948591
1789,0.04991585691553188
1790,0.19427599521558753
1791,-0.07056418311437714
1792,0.029492128455657438
1793,-0.03770865383118826
1794,-0.005501023709534584
1795,0.07871885677883443
1796,-0.05529904038342629
1797,-0.11474320488085782
1798,-0.0634957226542451
1799,-0.004004473280226668
1800,-0.008838167225120952
1801,-0.07673472891836317
1802,-0.03615534452661688
1803,0.0028555632713779724
1804,0.05791285450784367
1805,0.10728471606040745
1806,0.12054696136875644
1807,-0.009975242162801682
1808,0.053556200402892974
1809,0.06494031461966127
1810,0.017063470293203056
1811,0.06875943186359351
1812,-0.10290094579101486
1813,-0.015221646136239438
1814,0.03733220211446014
1815,0.07144446451006685
1816,-0.1055421142397037
1817,0.014287291442282008
1818,-0.06084804043874369
1819,0.03709386964242515
1820,0.1160244576484318
1821,0.12646752280337872
1822,-0.002420877535365096
1823,-0.0907974791061174
1824,0.052614117689180735
1825,-0.11319824136412013
1826,-0.024532380121930514
1827,0.04285255988469834
1828,-0.011739706284243895
1829,0.025305288038619967
1830,-0.040163413008075445
1831,-0.00492946274832489
1832,0.07249523627895967
1833,-0.0402180150139277
1834,0.032644720359417304
1835,-0.030452922230862173
1836,-0.04972337277017532
1837,0.001222929175598029
1838,-0.023846697949560968
1839,-0.004037878774079912
1840,0.13244931120134995
1841,0.06795955555174313
1842,-0.033150307793361256
1843,0.03939075646015866
1844,-0.04451311188369508
1845,0.0604360293141242
1846,0.011168585052837436
1847,0.03140848876350724
1848,-0.02322193663151578
1849,-0.07090813592401149
1850,0.07285380632332603
1851,-0.04590872262127896
1852,0.12759745110171897
1853,-0.06773686000371104
1854,-0.058720413025072034
1855,0.044507627504897423
1856,-0.022312564177655488
1857,0.06907782416932158
1858,0.029735777629476164
1859,-0.1373530879861327
1860,-0.008403505104319258
1861,0.014527279617624175
1862,-0.036715603505446504
1863,0.01247115149968505
1864,0.038778786689024854
1865,0.02570646334601875
1866,-0.01457072970490801
1867,-0.0018027828290114705
1868,-0.020123001642719986
1869,0.05253403758368636
1870,-0.08267623613904468
1871,-0.11268241890465437
1872,-0.07787295725520667
1873,0.09545372545380562
1874,0.07546285594643173
1875,-0.01961779953935861
1876,-0.028903184270518925
1877,-0.02111702384501004
1878,-0.06361291076005554
1879,-0.004766043600311762
1880,-0.018814369226232888
1881,-0.07745086582552974
1882,-0.1275472375669385
1883,0.0649563917338074
1884,-0.03112753967659556
1885,0.02176424491221453
1886,-0.024222225697568198
1887,0.003357252892867667
1888,0.06353735755249779
1889,-0.0028831635364565547
1890,0.017062532512619646
1891,-0.13966954987407332
1892,0.031610489216317865
1893,0.012830319205875823
1894,-0.032727681553551914
1895,-0.012196262544513942
1896,0.010483407685582764
1897,-0.041463717307844
1898,0.010467149193609833
1899,0.05350268120156548
1900,0.12607766721552338
1901,0.03688134282189797
1902,-0.03265406092450949
1903,0.025031623486371626
1904,-0.099955412807241
1905,-0.038938770474512066
1906,-0.0006570243236324879
1907,0.10425082317356445
1908,-0.0357987428499523
1909,-0.052144633419600024
1910,-0.04824975844510616
1911,0.13560236477660334
1912,0.03041106894155504
1913,0.009481519299667415
1914,-0.03373251066838781
1915,-0.2011674226222922
1916,0.0390692693311602
1917,0.06624001126619301
1918,0.0004905941264367854
1919,0.04517241400092037
1920,-0.11729262921274873
1921,-0.05975214136244177
1922,0.14104279283681065
1923,-0.059753095048609366
1924,-0.03852820700518768
1925,-0.02817914117570213
1926,-0.07109533089384652
1927,0.015847861371613533
1928,-0.04449226264786612
1929,0.09634768833855989
1930,-0.018312147624790925
1931,0.010254700831008259
1932,-0.01702720144533637
1933,-0.03462059480671885
1934,-0.016900621901298398
1935,-0.007847765342032074
1936,0.015308476314635305
1937,0.05015601286085705
1938,0.06922163948443816
1939,-0.12358701455200234
1940,0.11123947704586333
1941,-0.09603108515662656
1942,-0.02082660113990705
1943,-0.014187817318554886
1944,-0.0869340313144942
1945,-0.04066282979352054
1946,0.008446406869065804
1947,-0.10241785744409165
1948,0.07876951680887048
1949,-0.027513716592429523
1950,-0.012738282195820976
1951,-0.020244498413165772
1952,0.02464418603590293
1953,-0.10321952339034664
1954,-0.20870479259716987
1955,-0.03774006660277653
1956,-0.013679893006772236
1957,-0.05160009203937011
1958,-0.04271997023424596
1959,-0.019923575061501903
1960,0.060629837906078204
1961,0.010604364631754064
1962,0.06120922922176702
1963,0.05608772542950636
1964,0.07350097097716171
1965,0.026234436256198253
1966,-0.10072090271353658
1967,-0.037087299525566685
1968,-0.02616976555729173
1969,-0.04577998592448456
1970,0.016178192200191906
1971,-0.03689665429871882
1972,-0.025165900346497967
1973,-0.041393910654780174
1974,-0.14786146257471
1975,0.04125507785152781
1976,-0.14601900347175337
1977,-0.1308296174064139
1978,0.0037806752434802306
1979,0.05086047280608815
1980,-0.02508906011861307
1981,0.10530545732670953
1982,-0.002376147359562841
1983,-0.0983662988444127
1984,0.03779788677461964
1985,-0.014366958657840132
1986,0.02713656840170715
1987,0.05587983972917814
1988,0.03108860327623224
1989,0.02370407010144928
1990,-0.06719304651573238
1991,0.01871759893232389
1992,0.027146625794558524
1993,0.010609382391864425
1994,0.04998001978338965
1995,0.006231288554743767
1996,0.0344934330984181
1997,0.02502232035969185
1998,-0.037308977969713934
1999,-0.03653991041408097
2000,0.06317233727819413
2001,-0.04052844341341143
2002,0.056630529445482164
2003,0.06839075959120111
2004,-0.07202990301642292
2005,-0.053305741728163034
2006,0.051072122149372186
2007,0.0001946462203997472
2008,-0.03729856230694704
2009,0.05032180860472235
2010,0.02985348197572006
2011,-0.06057330672037469
2012,0.04283131168686718
2013,0.07125041994209659
2014,-0.04205974080528027
2015,-0.10862313134768667
2016,0.06274978195651663
2017,-0.05314302154923835
2018,-0.00568774592832003
2019,-0.009393285244166957
2020,-0.04645959012774552
2021,-0.04363311538162845
2022,-0.09488849490439559
2023,-0.032200037249813226
2024,0.12690387353019458
2025,-0.1565725692468143
2026,-0.026228707989524883
2027,-0.06109538360783566
2028,-0.12643125176368522
2029,-0.07969395824684819
2030,-0.008317728698488073
2031,0.06471772728735606
2032,0.005087811410414159
2033,0.03311235087393883
2034,0.018437941630585757
2035,-0.09630187608025452
2036,-0.024260128339977198
2037,0.027374573298988257
2038,0.08194015076963808
2039,-0.09191851990452259
2040,-0.08981113209263222
2041,0.054887353198912935
2042,0.06921264378904445
2043,0.018469426351490896
2044,-0.02245206032193858
2045,-0.10812365018083243
2046,0.023476132549202108
2047,0.04962190025420743
2048,-0.0685384300993184
2049,0.027492350242553556
2050,-0.06328472738176832
2051,0.14799031733634163
2052,-0.09772939554607055
2053,-0.019253269472376537
2054,-0.07028076665482885
2055,0.00916360124300592
2056,-0.0376066062765347
2057,0.026630952272789565
2058,0.02150035649619238
2059,0.05258157051575851
2060,-0.011543034827601169
2061,0.04682807334942332
2062,0.11314066846418973
2063,0.07082888558552816
2064,0.059749232899265224
2065,-0.07984072658331877
2066,-0.02849307702594726
2067,-0.038198069701556064
2068,-0.07983845712949367
2069,0.06411991556897495
2070,0.016245845754794895
2071,0.020964377269617914
2072,-0.041445059062662847
2073,0.061784798124743405
2074,-0.09194364818410995
2075,-0.025325039257519624
2076,0.050359966065236614
2077,-0.07514201464392432
2078,0.075799007874525
2079,-0.07402494766329028
2080,0.0641847969127183
2081,-0.021072385314399197
2082,-0.011579160255504697
2083,-0.06752480309901207
2084,0.03274507518993345
2085,-0.0224142542401332
2086,0.05307998070767858
2087,-0.0036985800683239675
2088,-0.124222865387778
2089,-0.15479582727074973
2090,0.04950092730187432
2091,-0.025194038525444214
2092,0.029879535678685037
2093,-0.06596037355318135
2094,0.008498358370481705
2095,-0.035016712341565955
2096,0.00843657229443374
2097,-0.052379117884622545
2098,0.022891491055525494
2099,-0.018508451282955862
2100,-0.021528637255948682
2101,0.06923778185229756
2102,-0.07642264065369406
2103,0.03778380009959099
2104,-0.003733174911468484
2105,-0.00888796698958599
2106,0.0460682682189006
2107,-0.0634095219502038
2108,-0.0537455411718442
2109,-0.01512045962844609
2110,0.027232912334436844
2111,0.08191976984878034
2112,0.08601504923256234
2113,0.023334771542406492
2114,0.0018636928765292955
2115,-0.028835992767956512
2116,0.09505351519323244
2117,-0.003481364004654531
2118,-0.0552060764525655
2119,-0.08197670927241853
2120,-0.019243772786586465
2121,-0.08028665327093322
2122,-0.16666609727947682
2123,0.009042310226636006
2124,-0.0969284809713913
2125,-0.07774164459731348
2126,0.05903080446136823
2127,0.0006177488425576516
2128,0.1127358982248924
2129,0.03556324461079751
2130,0.08061529608542255
2131,0.06265202639251524
2132,0.006729262878673634
2133,-0.074417607247782
2134,-0.04468491582550216
2135,0.011937579508302824
2136,-0.012467866556092541
2137,-0.035670569031011755
2138,-0.07404263681109984
2139,-0.16684218473130394
2140,0.03391728818759069
2141,0.06785121526392986
2142,0.04363087798328783
2143,0.029090089431860675
2144,0.01776375190928052
2145,-0.07572064545567789
2146,0.04112610696087526
2147,-0.01584338390964798
2148,-0.0016507502052832523
2149,0.10274526628892927
2150,0.02417020651271705
2151,-0.0013069670427525665
2152,-0.030046040024135887
2153,0.08332902729205229
2154,0.034249805737606324
2155,0.045888969133485946
2156,0.038532927591532255
2157,0.06976123617747391
2158,0.0760604256880327
2159,-0.05671352979611189
2160,-0.05096989380356096
2161,0.03901130824599778
2162,0.06830244969345273
2163,-0.06979065846173009
2164,-0.002143801129591544
2165,0.053450030676121196
2166,0.013630157014877112
2167,0.07560287464257665
2168,0.07117354589363363
2169,-0.016878106351489237
2170,0.030981402074788864
2171,-0.02080327227603817
2172,-0.10117231878512782
2173,-0.01176265185781696
2174,0.03486261968620767
2175,0.0276525374308122
2176,-0.02611705374808516
2177,0.0626937948210303
2178,-0.07040826847461953
2179,-0.010447672940830871
2180,-0.0158898943274099
2181,0.0008316107276289265
2182,0.09479109765215266
2183,0.09400890705029827
2184,0.0871211405612796
2185,0.0709659837483146
2186,0.004477071423188657
2187,-0.008193623102762832
2188,0.0057765183837974144
2189,-0.07309978290910098
2190,0.1014820257607355
2191,0.02173825167018076
2192,0.06063105741973276
2193,0.023699528768667145
2194,-0.0025357708212332677
2195,-0.04962398748695892
2196,-0.10005371354932259
2197,-0.10392218172545352
2198,0.1021683185570612
2199,-0.1235018645776637
2200,-0.05009825688408226
2201,-0.09899893345495382
2202,-0.010376677651157877
2203,0.09416890207663402
2204,-0.030356741433614495
2205,0.043349766911433454
2206,0.04718108949509386
2207,0.02025435373608379
2208,-0.02042608009916254
2209,-0.01980375042739474
2210,-0.09354540728787017
2211,-0.09759150848468685
2212,0.027707406664535344
2213,0.0015487597287771754
2214,0.04535069764200849
2215,0.03572246010282042
2216,0.024577398008764514
2217,-0.06272816694463149
2218,-0.06755079193503918
2219,-0.03157389778177618
2220,-0.0148708279178049
2221,-0.10753153912327648
2222,0.036142697113424285
2223,-0.06712631625996261
2224,0.022045827853044677
2225,0.07475005150055387
2226,-0.041497825093872294
2227,-0.029239589275830424
2228,-0.016936829071291005
2229,-0.13164906406195367
2230,-0.0769487098317697
2231,-0.10420057958736555
2232,0.0837550832801056
2233,-0.023694230975215193
2234,-0.03401685417839651
2235,-0.0911485684310175
2236,-0.031424088871305676
2237,0.059017271624334955
2238,0.07822694657752996
2239,-0.041621408175956984
2240,0.019441962312491238
2241,0.00637054951186862
2242,0.0029150984266944073
2243,-0.052370302420961766
2244,-0.01128756743332748
2245,0.10900469694628401
2246,-0.13653863414325268
2247,-0.08381869669197077
2248,-0.041240055191923086
2249,-0.016585625141285903
2250,0.04235622565444144
2251,-0.1251070822219383
2252,-0.06684489279279568
2253,-0.05182612459502813
2254,-0.042314723867811564
2255,0.03400825119080499
2256,-0.0034566776603877046
2257,0.00785269045463678
2258,0.01605389338240837
2259,0.022210962734623384
2260,-0.06457601483644203
2261,0.025085885969654068
2262,0.026978696195975992
2263,-0.010759452056002662
2264,-0.03770086084767098
2265,-0.0689987246901344
2266,-0.0576424144958407
2267,0.14060386656803012
2268,-0.041057993535356926
2269,0.013088037305675447
2270,-0.037163241558252604
2271,0.11787297666039079
2272,-0.06692633959016497
2273,-0.14096701242905565
2274,-0.06324934258019671
2275,-0.012794099202958022
2276,0.08517726946284429
2277,-0.05180081212684783
2278,0.0027960168242938893
2279,-0.02823199994156855
2280,-0.03239087197691001
2281,-0.09814128125524633
2282,0.08244819859361241
2283,0.003865213465500562
2284,0.013583832786211331
2285,-0.04266352467604469
2286,0.06397014970141492
2287,-0.07670935048966623
2288,0.005906607498733298
2289,0.04826731832113437
2290,-0.05890296447011879
2291,-0.04299943850813247
2292,-0.07314319990514828
2293,-0.003709071613719139
2294,0.08909307186813077
2295,0.024407574005995636
2296,-0.038209598917323916
2297,0.010290961218393445
2298,0.10178333022653453
2299,-0.009018431373983667
2300,-0.04866079178179136
2301,-0.03529351092629267
2302,-0.09478328564460706
2303,0.05100018674958358
2304,0.04603346618015586
2305,-0.00033643582239615665
2306,0.09081321933938725
2307,-0.017479193335650442
2308,0.04017732946906768
2309,-0.0528891008083455
2310,0.05704838447953054
2311,-0.044761970761720435
2312,-0.01409698256386193
2313,0.013592247053958626
2314,0.05189641614003873
2315,-0.08900629307918184
2316,-0.10032325928017806
2317,-0.026625248101070354
2318,0.03128916504663887
2319,-0.058627666737297274
2320,0.017515511956748688
2321,-0.03486001707347233
2322,0.006793555461335447
2323,0.03023663646408574
2324,0.004795981657454703
2325,-0.025505398963503415
2326,-0.021416840698415394
2327,-0.006093061546269866
2328,0.07112466296765901
2329,-0.068977056816436
2330,0.03688782427503485
2331,-0.09689882793671123
2332,-0.07218336330835932
2333,-0.010060446812886287
2334,-0.02669964327305802
2335,-0.050783633917702305
2336,-0.08423273782565875
2337,0.03854600497937773
2338,0.06209775788053046
2339,-0.0420345849713763
2340,0.04015763232863671
2341,-0.0252211363130535
2342,-0.0162717421990669
2343,-0.0881783990251099
2344,0.05008915771897294
2345,-0.041173418592123125
2346,0.08159919094409328
2347,0.12246969359294055
2348,0.020182098052929847
2349,0.10752484953135812
2350,0.05157596814171811
2351,-0.0006805413558737565
2352,-0.01689389838357418
2353,0.044435036840162805
2354,-0.05468556401703597
2355,-0.07136051682367585
2356,-0.004262441382971465
2357,-0.08458655379360229
2358,-0.014887729368491512
2359,0.01364719673790966
2360,0.18435793507396067
2361,0.046871570060158026
2362,0.02078462657135784
2363,0.04052422125567999
2364,-0.07667820109976133
2365,-0.005682769489217347
2366,-0.006765715337572739
2367,-0.0365681125552116
2368,0.010221592007926019
2369,-0.03499629895578356
2370,-0.030184439845451137
2371,0.019259518612929172
2372,-0.027498761126635365
2373,0.021936014708089487
2374,-0.008172591397278632
2375,-0.003460222933454787
2376,-0.17535517225675787
2377,-0.09066226249773907
2378,0.16129751073070958
2379,-0.05374397269988229
2380,0.0005123432321495988
2381,-0.019252573554605672
2382,-0.06509003590613961
2383,-0.06675371641582321
2384,-0.011126351689393259
2385,-0.03850796777273927
2386,0.052420403438779094
2387,0.10141397205441274
2388,-0.09367550612557593
2389,0.004347058217346283
2390,-0.16596960546099532
2391,0.03363341120661735
2392,0.020325160527191955
2393,0.03918881574010565
2394,-0.03876504789820845
2395,0.07621015633318809
2396,0.07336491152217801
2397,-0.08590276482890592
2398,0.14302407402113324
2399,0.027839793967309116
2400,0.00656980855785949
2401,-0.01787510786520736
2402,-0.15830495708950307
2403,-0.06046213425082849
2404,-0.024695666951246815
2405,-0.0663707065141208
2406,0.0638862744336395
2407,-0.010194634706074786
2408,0.1209945344604074
2409,-0.04509124606701307
2410,-0.10107323625135713
2411,0.05327200067614573
2412,0.042232283081344316
2413,0.04599452842945706
2414,0.01013107025413739
2415,0.004462519878743506
2416,0.07684986867340449
2417,0.1537014854208597
2418,-0.024693260372754808
2419,-0.03619294415011016
2420,0.07556043674057608
2421,-0.00631033491697592
2422,0.06684099222061791
2423,0.05687210151837304
2424,0.03703810275756278
2425,-0.057709005077477386
2426,0.005569068290270642
2427,-0.07456170106128583
2428,0.010714872964717823
2429,-0.01791533174150247
2430,-0.07505543741790716
2431,-0.029184388406210078
2432,0.13704038669605284
2433,-0.03391721124981643
2434,0.0451914185791891
2435,-0.0697843833633339
2436,-0.12223405810775717
2437,-0.001679447871412029
2438,0.03959503915522042
2439,0.015956805807100016
2440,0.048257391907685174
2441,0.015850172928639134
2442,-0.19116716335940978
2443,-0.07157431840849764
2444,0.013478307932318885
2445,-0.05951057129495318
2446,-0.029404585085541154
2447,-0.06431053328572807
2448,-0.05888681228819273
2449,-0.021424405111192788
2450,0.03287906823225132
2451,0.0575104294170355
2452,0.045442076705848176
2453,-0.03273310718425704
2454,-0.0286350589180895
2455,0.04277319477137462
2456,-0.19918064046657796
2457,-0.0007792684202309727
2458,0.02801678359271355
2459,0.04195256885903601
2460,-0.03523195456855141
2461,-0.09713776520064833
2462,-0.07510080006100929
2463,-0.060785809068360584
2464,0.05683935266006491
2465,-0.04491931674867554
2466,-0.02248297788131146
2467,-0.04958632487966369
2468,0.045087237526709435
2469,-0.009785297218899102
2470,-0.0028241651376060785
2471,0.008557760895012754
2472,-0.07832245155188204
2473,0.003889366518527299
2474,0.027925787194665836
2475,-0.09386238632439756
2476,-0.031573691241027574
2477,-0.06719375808148234
2478,0.08105154293370391
2479,-0.04981818538053269
2480,-0.014907615007698646
2481,-0.042336780707148726
2482,-0.09277428416538076
2483,0.004108962921866676
2484,-0.047626831784502076
2485,-0.04541378699223324
2486,-0.05817969490917037
2487,-0.009047876263358096
2488,0.08493930704018159
2489,-0.034506581569868834
2490,0.037655731825128075
2491,0.09817742983220931
2492,-0.006706171892194591
2493,0.07117610843053647
2494,0.03952418764657524
2495,0.044979197934407786
2496,0.005867157341732123
2497,0.027867910061693146
2498,-0.08107618729984523
2499,0.032293708403080386
2500,-0.0056921845752615175
2501,-0.0012423615242198247
2502,-0.002297180372917447
2503,0.0012650186129430077
2504,-0.0010242605242307425
2505,-0.0068656448854206575
2506,-0.0014541019140742822
2507,-0.00017145549437978027
2508,-0.0012951056525546624
2509,-0.0035418223876468504
